episode,timestep,reward
8,20,-0.6884
17,40,-0.8544
25,60,-0.816
33,80,-0.3701
44,100,-0.7464
50,120,-0.3401
60,140,-0.7587
73,160,-0.8705
83,180,-0.7936
89,200,-0.4292
93,220,-0.1141
101,240,-0.4845
110,260,-0.7587
117,280,-0.7455
126,300,-0.397
133,320,-0.4617
141,340,-0.8088
151,360,-0.5644
160,380,-0.7908
169,400,-0.7095
179,420,-0.6404
187,440,-0.71
196,460,-0.6687
201,480,-0.0636
208,500,-0.5028
213,520,0.068
224,540,-0.7615
231,560,-0.6204
240,580,-0.6365
250,600,-0.6843
262,620,-0.8534
272,640,-0.7237
280,660,-0.4599
288,680,-0.6044
299,700,-0.7668
304,720,0.2826
317,740,-0.8358
326,760,-0.7087
334,780,-0.5606
345,800,-0.6935
356,820,-0.8014
365,840,-0.656
372,860,-0.3178
384,880,-0.7724
393,900,-0.4666
407,920,-0.866
415,940,-0.3802
420,960,-0.0377
429,980,-0.5027
437,1000,-0.2995
447,1020,-0.5959
451,1040,-0.0528
456,1060,-0.0395
464,1080,-0.5453
472,1100,-0.3474
482,1120,-0.6625
490,1140,-0.6285
497,1160,-0.6236
504,1180,-0.4871
514,1200,-0.692
523,1220,-0.6929
531,1240,-0.4743
539,1260,-0.5604
549,1280,-0.6782
556,1300,-0.3595
563,1320,-0.6966
573,1340,-0.7269
582,1360,-0.6362
590,1380,-0.5157
599,1400,-0.6224
608,1420,-0.6472
616,1440,-0.5545
626,1460,-0.7465
632,1480,-0.179
642,1500,-0.7713
650,1520,-0.6146
658,1540,-0.8106
665,1560,-0.1542
675,1580,-0.5695
682,1600,-0.2781
691,1620,-0.6891
703,1640,-0.8492
712,1660,-0.629
723,1680,-0.8271
736,1700,-0.6721
745,1720,-0.6844
750,1740,-0.377
757,1760,-0.5481
762,1780,-0.2391
771,1800,-0.7393
779,1820,-0.523
789,1840,-0.6801
803,1860,-0.8361
812,1880,-0.8591
823,1900,-0.5231
834,1920,-0.8042
840,1940,-0.4484
847,1960,-0.4791
858,1980,-0.7637
865,2000,-0.6038
878,2020,-0.8303
886,2040,-0.4329
894,2060,-0.3496
904,2080,-0.648
913,2100,-0.4939
923,2120,-0.6881
928,2140,0.0943
937,2160,-0.6257
945,2180,-0.3942
954,2200,-0.7247
962,2220,-0.6013
970,2240,-0.6559
978,2260,-0.7014
987,2280,-0.4885
996,2300,-0.3071
1007,2320,-0.6218
1016,2340,-0.6749
1024,2360,-0.6132
1032,2380,-0.6225
1042,2400,-0.7133
1048,2420,-0.2074
1059,2440,-0.8249
1067,2460,-0.5958
1072,2480,-0.101
1081,2500,-0.5023
1091,2520,-0.5159
1101,2540,-0.5566
1109,2560,-0.2539
1120,2580,-0.835
1127,2600,-0.3999
1133,2620,-0.3679
1144,2640,-0.7639
1152,2660,-0.5288
1157,2680,0.2999
1169,2700,-0.7713
1179,2720,-0.6867
1184,2740,-0.0286
1190,2760,-0.3019
1197,2780,-0.4563
1207,2800,-0.6515
1214,2820,-0.4787
1226,2840,-0.862
1237,2860,-0.833
1247,2880,-0.5834
1254,2900,-0.1077
1258,2920,-0.144
1266,2940,-0.1335
1273,2960,-0.5787
1280,2980,-0.6232
1291,3000,-0.6431
1301,3020,-0.7457
1307,3040,0.1912
1315,3060,-0.7091
1324,3080,-0.607
1334,3100,-0.7666
1342,3120,-0.2789
1349,3140,-0.602
1356,3160,-0.291
1365,3180,-0.5298
1373,3200,-0.6314
1383,3220,-0.7178
1390,3240,-0.5047
1396,3260,-0.3154
1405,3280,-0.706
1412,3300,-0.3446
1422,3320,-0.6873
1428,3340,-0.48
1440,3360,-0.7695
1445,3380,0.2923
1454,3400,-0.8805
1462,3420,-0.6268
1471,3440,-0.6472
1478,3460,-0.4154
1485,3480,-0.328
1492,3500,-0.6315
1505,3520,-0.7815
1513,3540,-0.5404
1523,3560,-0.5825
1534,3580,-0.727
1544,3600,-0.6608
1552,3620,-0.4834
1560,3640,-0.4979
1568,3660,-0.7594
1576,3680,-0.4327
1580,3700,0.0714
1586,3720,-0.4461
1593,3740,-0.2476
1601,3760,-0.612
1611,3780,-0.5868
1618,3800,-0.3986
1627,3820,-0.8016
1634,3840,-0.2872
1643,3860,-0.8584
1650,3880,-0.3788
1655,3900,0.5736
1662,3920,-0.4638
1666,3940,0.1201
1673,3960,-0.1552
1687,3980,-0.7829
1698,4000,-0.674
1704,4020,-0.5375
1711,4040,-0.6648
1719,4060,-0.5053
1726,4080,-0.5471
1734,4100,-0.2021
1743,4120,-0.6737
1749,4140,-0.5216
1756,4160,-0.4121
1764,4180,-0.6557
1772,4200,-0.4681
1777,4220,-0.4269
1781,4240,0.4224
1787,4260,-0.0967
1796,4280,-0.7219
1804,4300,-0.7109
1815,4320,-0.7157
1821,4340,-0.363
1829,4360,-0.2636
1839,4380,-0.6346
1846,4400,-0.1468
1849,4420,-0.1503
1859,4440,-0.6069
1869,4460,-0.6785
1877,4480,-0.7235
1889,4500,-0.7012
1894,4520,-0.3957
1903,4540,-0.6287
1911,4560,-0.5932
1920,4580,-0.7272
1926,4600,-0.0023
1931,4620,-0.2271
1940,4640,-0.6564
1951,4660,-0.6952
1957,4680,-0.1833
1963,4700,-0.5897
1973,4720,-0.387
1978,4740,0.3414
1987,4760,-0.6325
1995,4780,-0.6641
2005,4800,-0.7723
2010,4820,-0.223
2016,4840,-0.1738
2022,4860,-0.2449
2032,4880,-0.7618
2041,4900,-0.56
2050,4920,-0.4695
2055,4940,-0.4571
2062,4960,-0.1259
2068,4980,-0.4411
2077,5000,-0.509
2087,5020,-0.7173
2096,5040,-0.6838
2107,5060,-0.8605
2115,5080,-0.6033
2120,5100,0.2804
2131,5120,-0.8246
2142,5140,-0.8085
2154,5160,-0.6942
2164,5180,-0.7343
2172,5200,-0.668
2183,5220,-0.6037
2193,5240,-0.615
2203,5260,-0.7415
2212,5280,-0.5997
2224,5300,-0.8122
2234,5320,-0.5728
2238,5340,-0.0626
2250,5360,-0.6811
2258,5380,-0.5843
2269,5400,-0.7425
2276,5420,-0.3838
2284,5440,-0.7013
2289,5460,0.1507
2296,5480,-0.1442
2303,5500,-0.4162
2312,5520,-0.5496
2322,5540,-0.6904
2329,5560,-0.5277
2336,5580,-0.6687
2344,5600,-0.3596
2350,5620,-0.0664
2359,5640,-0.4591
2366,5660,-0.5418
2370,5680,0.2094
2375,5700,-0.0555
2381,5720,-0.1752
2391,5740,-0.5127
2401,5760,-0.6196
2407,5780,-0.1258
2417,5800,-0.7363
2424,5820,-0.5243
2430,5840,-0.2148
2440,5860,-0.705
2452,5880,-0.597
2461,5900,-0.7262
2469,5920,-0.6069
2478,5940,-0.5767
2488,5960,-0.5884
2497,5980,-0.6576
2501,6000,0.3176
2508,6020,-0.6406
2518,6040,-0.7097
2527,6060,-0.6967
2535,6080,-0.4612
2542,6100,-0.3802
2553,6120,-0.7613
2559,6140,-0.0488
2565,6160,-0.2217
2571,6180,-0.5327
2581,6200,-0.8073
2591,6220,-0.6705
2600,6240,-0.6989
2610,6260,-0.5279
2620,6280,-0.6809
2631,6300,-0.7541
2639,6320,-0.6447
2646,6340,-0.5442
2653,6360,-0.5173
2662,6380,-0.6538
2673,6400,-0.7803
2684,6420,-0.7123
2692,6440,-0.5513
2703,6460,-0.778
2713,6480,-0.8399
2724,6500,-0.7079
2729,6520,0.0508
2736,6540,-0.4207
2746,6560,-0.6737
2755,6580,-0.6174
2766,6600,-0.5403
2776,6620,-0.6143
2787,6640,-0.6705
2793,6660,-0.4205
2803,6680,-0.652
2812,6700,-0.6849
2821,6720,-0.469
2832,6740,-0.8306
2836,6760,0.0367
2840,6780,0.2314
2849,6800,-0.4616
2854,6820,-0.2432
2861,6840,-0.3666
2872,6860,-0.6879
2885,6880,-0.8291
2899,6900,-0.8999
2907,6920,-0.3881
2915,6940,-0.5223
2923,6960,-0.5347
2931,6980,-0.5209
2940,7000,-0.7619
2950,7020,-0.5737
2962,7040,-0.854
2965,7060,0.7128
2976,7080,-0.6959
2984,7100,-0.6252
2993,7120,-0.5417
3000,7140,-0.1622
3008,7160,-0.6839
3018,7180,-0.6318
3024,7200,-0.2543
3031,7220,-0.5334
3041,7240,-0.4901
3052,7260,-0.6699
3062,7280,-0.6609
3069,7300,-0.8327
3079,7320,-0.4127
3090,7340,-0.7842
3095,7360,-0.0134
3102,7380,-0.1624
3109,7400,-0.4797
3116,7420,-0.4824
3125,7440,-0.7189
3133,7460,-0.6351
3142,7480,-0.5978
3148,7500,-0.5296
3157,7520,-0.6354
3166,7540,-0.3066
3172,7560,-0.4274
3182,7580,-0.5964
3191,7600,-0.355
3201,7620,-0.7113
3210,7640,-0.5155
3216,7660,-0.2308
3222,7680,-0.3682
3232,7700,-0.698
3241,7720,-0.7063
3247,7740,-0.1939
3255,7760,-0.5807
3265,7780,-0.9101
3274,7800,-0.1819
3282,7820,-0.6645
3293,7840,-0.7355
3303,7860,-0.7456
3313,7880,-0.764
3321,7900,-0.3411
3329,7920,-0.4764
3334,7940,-0.2931
3343,7960,-0.724
3354,7980,-0.5668
3362,8000,-0.5261
3372,8020,-0.6513
3375,8040,0.7845
3387,8060,-0.6569
3395,8080,-0.7116
3401,8100,-0.0053
3408,8120,-0.3777
3421,8140,-0.8039
3432,8160,-0.759
3443,8180,-0.6725
3453,8200,-0.7828
3458,8220,0.3872
3468,8240,-0.6485
3474,8260,-0.2538
3477,8280,1.1047
3484,8300,-0.5568
3493,8320,-0.5793
3504,8340,-0.695
3513,8360,-0.557
3519,8380,-0.1694
3524,8400,-0.2488
3530,8420,0.0859
3536,8440,-0.4246
3546,8460,-0.4609
3557,8480,-0.8328
3561,8500,0.368
3571,8520,-0.6196
3577,8540,-0.3335
3591,8560,-0.8541
3600,8580,-0.7461
3607,8600,-0.3982
3618,8620,-0.5807
3626,8640,-0.5723
3635,8660,-0.5111
3647,8680,-0.7732
3656,8700,-0.7856
3664,8720,-0.5743
3670,8740,-0.4825
3681,8760,-0.5932
3690,8780,-0.4203
3698,8800,-0.4224
3708,8820,-0.7022
3713,8840,0.0986
3718,8860,0.0528
3728,8880,-0.7495
3737,8900,-0.5595
3743,8920,-0.2856
3753,8940,-0.7629
3762,8960,-0.4545
3773,8980,-0.9074
3779,9000,-0.7088
3785,9020,-0.0729
3793,9040,-0.6194
3799,9060,0.0957
3813,9080,-0.8221
3825,9100,-0.8411
3834,9120,-0.4512
3842,9140,-0.5048
3848,9160,-0.4599
3857,9180,-0.6902
3865,9200,-0.3655
3870,9220,-0.2329
3878,9240,-0.6072
3885,9260,-0.5686
3893,9280,-0.2411
3906,9300,-0.759
3914,9320,-0.6853
3923,9340,-0.5545
3933,9360,-0.6633
3941,9380,-0.4887
3946,9400,-0.1163
3954,9420,-0.4044
3963,9440,-0.5029
3973,9460,-0.5623
3984,9480,-0.8415
3991,9500,-0.6511
4000,9520,-0.5868
4010,9540,-0.6104
4017,9560,-0.795
4025,9580,-0.2432
4035,9600,-0.6893
4041,9620,-0.3053
4048,9640,-0.4486
4055,9660,-0.4577
4063,9680,-0.7495
4073,9700,-0.4535
4081,9720,-0.6253
4088,9740,-0.3089
4099,9760,-0.7423
4104,9780,-0.4281
4115,9800,-0.6301
4123,9820,-0.5638
4133,9840,-0.4718
4138,9860,0.1729
4146,9880,-0.5993
4156,9900,-0.5773
4167,9920,-0.7918
4174,9940,-0.4067
4186,9960,-0.7472
4195,9980,-0.7346
4204,10000,-0.6194
4214,10020,-0.5889
4221,10040,-0.606
4229,10060,-0.6651
4238,10080,-0.4287
4248,10100,-0.7838
4254,10120,-0.1987
4264,10140,-0.7216
4272,10160,-0.5363
4282,10180,-0.7567
4290,10200,-0.6082
4299,10220,-0.5973
4306,10240,-0.4655
4311,10260,0.1683
4316,10280,-0.2733
4321,10300,-0.089
4327,10320,-0.1451
4338,10340,-0.8701
4348,10360,-0.5264
4356,10380,-0.2172
4365,10400,-0.5881
4372,10420,-0.6158
4378,10440,-0.687
4389,10460,-0.606
4395,10480,-0.2002
4401,10500,0.1978
4408,10520,-0.4664
4414,10540,-0.5816
4425,10560,-0.6158
4431,10580,-0.2757
4439,10600,-0.4963
4446,10620,-0.2801
4452,10640,-0.4749
4464,10660,-0.7627
4472,10680,-0.3127
4483,10700,-0.7136
4492,10720,-0.5988
4497,10740,-0.4105
4504,10760,-0.5024
4513,10780,-0.7877
4520,10800,-0.4406
4530,10820,-0.5612
4539,10840,-0.6285
4550,10860,-0.5142
4557,10880,-0.3206
4564,10900,-0.2116
4578,10920,-0.9163
4585,10940,-0.4543
4591,10960,-0.6419
4597,10980,-0.1683
4601,11000,1.0838
4607,11020,-0.0573
4616,11040,-0.6708
4625,11060,-0.7206
4630,11080,-0.4929
4640,11100,-0.6804
4649,11120,-0.8873
4658,11140,-0.3446
4665,11160,-0.4552
4676,11180,-0.6093
4680,11200,-0.3251
4688,11220,-0.2203
4695,11240,-0.1262
4704,11260,-0.6521
4712,11280,-0.7625
4721,11300,-0.6945
4733,11320,-0.709
4743,11340,-0.7947
4751,11360,-0.6878
4759,11380,-0.0834
4771,11400,-0.747
4780,11420,-0.5508
4791,11440,-0.7054
4803,11460,-0.7106
4811,11480,-0.5825
4819,11500,-0.6315
4827,11520,-0.5291
4835,11540,-0.356
4846,11560,-0.8889
4852,11580,-0.2645
4858,11600,-0.4817
4865,11620,-0.3178
4871,11640,-0.2601
4879,11660,-0.4716
4888,11680,-0.6048
4899,11700,-0.6158
4908,11720,-0.6451
4920,11740,-0.7704
4927,11760,-0.5343
4938,11780,-0.7204
4950,11800,-0.9035
4955,11820,-0.4263
4966,11840,-0.5696
4973,11860,-0.4933
4982,11880,-0.6231
4993,11900,-0.8432
5003,11920,-0.6098
5010,11940,-0.1042
5014,11960,0.3876
5024,11980,-0.6504
5033,12000,-0.57
5040,12020,-0.5834
5051,12040,-0.7841
5062,12060,-0.8075
5065,12080,1.718
5071,12100,-0.3633
5083,12120,-0.6674
5094,12140,-0.7043
5104,12160,-0.6659
5114,12180,-0.7286
5118,12200,0.1036
5130,12220,-0.7325
5141,12240,-0.7829
5150,12260,-0.7471
5161,12280,-0.6798
5169,12300,-0.5182
5176,12320,-0.5766
5184,12340,-0.5352
5192,12360,-0.3499
5198,12380,-0.4686
5205,12400,0.1316
5215,12420,-0.662
5222,12440,-0.5405
5231,12460,-0.6141
5237,12480,-0.2364
5246,12500,-0.7854
5254,12520,-0.596
5259,12540,0.0021
5268,12560,-0.4563
5274,12580,-0.2445
5279,12600,-0.5114
5284,12620,-0.0551
5295,12640,-0.6352
5300,12660,-0.0391
5307,12680,-0.2836
5314,12700,-0.5488
5324,12720,-0.7793
5332,12740,-0.245
5342,12760,-0.6391
5349,12780,-0.5518
5356,12800,-0.4678
5366,12820,-0.6968
5376,12840,-0.6573
5382,12860,-0.4048
5392,12880,-0.6832
5399,12900,-0.5772
5403,12920,0.2336
5413,12940,-0.5498
5426,12960,-0.9026
5433,12980,-0.5942
5441,13000,-0.4213
5453,13020,-0.8079
5461,13040,-0.5074
5469,13060,-0.5435
5480,13080,-0.6179
5487,13100,-0.2216
5498,13120,-0.817
5507,13140,-0.7222
5513,13160,-0.4465
5521,13180,-0.3831
5530,13200,-0.727
5541,13220,-0.8289
5549,13240,-0.4148
5561,13260,-0.7545
5566,13280,0.0448
5574,13300,-0.487
5582,13320,-0.5744
5588,13340,-0.1881
5596,13360,-0.5228
5606,13380,-0.6818
5615,13400,-0.776
5624,13420,-0.793
5629,13440,0.0298
5639,13460,-0.6832
5644,13480,-0.3681
5656,13500,-0.6538
5667,13520,-0.78
5674,13540,-0.4495
5680,13560,-0.1305
5686,13580,-0.3619
5694,13600,-0.5395
5701,13620,-0.6202
5709,13640,-0.4491
5719,13660,-0.6493
5734,13680,-0.9052
5742,13700,-0.6333
5749,13720,-0.5631
5756,13740,-0.555
5762,13760,-0.4167
5767,13780,-0.1667
5777,13800,-0.6333
5783,13820,-0.5378
5796,13840,-0.7742
5806,13860,-0.6967
5814,13880,-0.5502
5818,13900,-0.1772
5827,13920,-0.4722
5835,13940,-0.4431
5840,13960,0.4027
5845,13980,-0.2644
5854,14000,-0.4805
5861,14020,-0.5028
5865,14040,0.4263
5870,14060,-0.1243
5878,14080,-0.5774
5888,14100,-0.7528
5901,14120,-0.8086
5913,14140,-0.758
5919,14160,-0.4446
5925,14180,0.117
5935,14200,-0.8495
5940,14220,0.2404
5950,14240,-0.6765
5956,14260,-0.1946
5963,14280,-0.265
5975,14300,-0.7928
5982,14320,-0.5555
5988,14340,-0.2763
5996,14360,-0.5012
6004,14380,-0.5878
6013,14400,-0.5515
6019,14420,-0.4658
6025,14440,-0.3667
6034,14460,-0.4862
6044,14480,-0.6294
6054,14500,-0.5869
6064,14520,-0.7042
6073,14540,-0.7702
6084,14560,-0.6952
6092,14580,-0.5852
6102,14600,-0.6215
6110,14620,-0.5414
6119,14640,-0.6136
6126,14660,-0.3343
6135,14680,-0.6803
6144,14700,-0.5585
6152,14720,-0.5561
6159,14740,-0.4607
6169,14760,-0.7333
6180,14780,-0.6074
6187,14800,-0.4622
6196,14820,-0.6062
6203,14840,-0.3323
6210,14860,-0.2568
6216,14880,-0.214
6224,14900,-0.6426
6235,14920,-0.6594
6243,14940,-0.7158
6250,14960,-0.5471
6261,14980,-0.5568
6268,15000,-0.3399
6279,15020,-0.821
6289,15040,-0.4246
6297,15060,-0.4451
6308,15080,-0.8435
6316,15100,-0.5581
6326,15120,-0.6691
6333,15140,-0.3913
6343,15160,-0.6774
6348,15180,-0.2978
6355,15200,-0.4879
6365,15220,-0.4583
6374,15240,-0.6013
6386,15260,-0.7499
6397,15280,-0.8203
6408,15300,-0.7685
6418,15320,-0.745
6428,15340,-0.4017
6441,15360,-0.8316
6447,15380,-0.3534
6457,15400,-0.6827
6465,15420,-0.456
6475,15440,-0.6663
6484,15460,-0.7376
6495,15480,-0.7047
6503,15500,-0.5554
6515,15520,-0.878
6526,15540,-0.8354
6539,15560,-0.7642
6547,15580,-0.4355
6554,15600,-0.4139
6563,15620,-0.5734
6573,15640,-0.6579
6581,15660,-0.2972
6589,15680,-0.7443
6596,15700,-0.4204
6602,15720,-0.0192
6607,15740,-0.2765
6613,15760,0.0871
6623,15780,-0.5993
6631,15800,-0.6637
6637,15820,-0.6604
6645,15840,-0.3791
6650,15860,-0.2417
6662,15880,-0.7924
6667,15900,-0.1556
6676,15920,-0.5665
6689,15940,-0.6861
6700,15960,-0.8537
6711,15980,-0.6658
6719,16000,-0.6517
6727,16020,-0.4129
6735,16040,-0.4774
6743,16060,-0.5292
6754,16080,-0.7559
6763,16100,-0.7554
6772,16120,-0.5457
6786,16140,-0.7281
6792,16160,-0.2983
6799,16180,-0.4681
6807,16200,-0.4576
6820,16220,-0.8905
6830,16240,-0.6051
6839,16260,-0.5622
6850,16280,-0.8183
6862,16300,-0.8374
6868,16320,-0.3147
6875,16340,-0.374
6880,16360,-0.2635
6887,16380,-0.5698
6894,16400,-0.3689
6904,16420,-0.7627
6913,16440,-0.7625
6922,16460,-0.75
6931,16480,-0.5114
6943,16500,-0.8367
6950,16520,-0.388
6960,16540,-0.8453
6969,16560,-0.5496
6977,16580,-0.2811
6986,16600,-0.7562
6997,16620,-0.7331
7008,16640,-0.7999
7017,16660,-0.6476
7023,16680,-0.1799
7030,16700,-0.5984
7039,16720,-0.5812
7047,16740,-0.6173
7054,16760,-0.3535
7061,16780,-0.2401
7068,16800,-0.4394
7075,16820,-0.6159
7082,16840,-0.5582
7089,16860,-0.4779
7097,16880,-0.4098
7106,16900,-0.5477
7117,16920,-0.6952
7124,16940,-0.4212
7130,16960,-0.2861
7134,16980,0.2498
7142,17000,-0.6624
7148,17020,-0.35
7154,17040,-0.2404
7157,17060,0.6164
7165,17080,-0.6398
7171,17100,0.1036
7178,17120,-0.2917
7185,17140,-0.4923
7192,17160,-0.3326
7198,17180,0.0955
7203,17200,0.5502
7212,17220,-0.6674
7221,17240,-0.8337
7226,17260,-0.2443
7234,17280,-0.5384
7245,17300,-0.6911
7255,17320,-0.7052
7266,17340,-0.816
7274,17360,-0.6062
7282,17380,-0.4404
7292,17400,-0.7715
7301,17420,-0.4901
7309,17440,-0.6688
7321,17460,-0.7797
7330,17480,-0.513
7340,17500,-0.5971
7350,17520,-0.7837
7360,17540,-0.7288
7366,17560,-0.3072
7378,17580,-0.7439
7384,17600,-0.5831
7396,17620,-0.4736
7408,17640,-0.8759
7416,17660,-0.6857
7424,17680,-0.7765
7430,17700,-0.3533
7438,17720,-0.4247
7449,17740,-0.7694
7454,17760,-0.0019
7463,17780,-0.5481
7471,17800,-0.5342
7478,17820,-0.4844
7484,17840,-0.2006
7490,17860,-0.3443
7502,17880,-0.8181
7512,17900,-0.5685
7521,17920,-0.7076
7531,17940,-0.7234
7540,17960,-0.4264
7551,17980,-0.7125
7559,18000,-0.4337
7568,18020,-0.5727
7576,18040,-0.6485
7587,18060,-0.7248
7593,18080,-0.188
7598,18100,-0.3751
7606,18120,-0.6286
7613,18140,-0.3496
7622,18160,-0.7564
7632,18180,-0.534
7639,18200,-0.2351
7647,18220,-0.4656
7652,18240,0.1176
7660,18260,-0.6221
7668,18280,-0.645
7676,18300,-0.3143
7686,18320,-0.7955
7694,18340,-0.4909
7702,18360,-0.5614
7711,18380,-0.5303
7716,18400,0.3289
7726,18420,-0.7386
7733,18440,-0.1421
7744,18460,-0.7491
7754,18480,-0.7601
7760,18500,-0.4539
7770,18520,-0.7158
7775,18540,0.2128
7784,18560,-0.7753
7791,18580,-0.5824
7796,18600,-0.034
7805,18620,-0.6095
7812,18640,-0.3548
7821,18660,-0.6834
7831,18680,-0.7827
7839,18700,-0.46
7846,18720,-0.5235
7856,18740,-0.7286
7864,18760,-0.4437
7871,18780,-0.2749
7877,18800,-0.2793
7884,18820,-0.2361
7891,18840,-0.4509
7900,18860,-0.5212
7907,18880,-0.5412
7917,18900,-0.5864
7924,18920,-0.2072
7933,18940,-0.62
7943,18960,-0.7273
7950,18980,-0.2079
7960,19000,-0.6134
7968,19020,-0.5251
7973,19040,-0.1584
7985,19060,-0.7426
7992,19080,-0.2364
8002,19100,-0.6722
8007,19120,-0.2522
8015,19140,-0.592
8022,19160,-0.3555
8028,19180,-0.2343
8040,19200,-0.7746
8047,19220,-0.5394
8054,19240,-0.4973
8067,19260,-0.6581
8073,19280,-0.3818
8081,19300,-0.5929
8088,19320,-0.512
8095,19340,-0.398
8104,19360,-0.4866
8111,19380,-0.3214
8119,19400,-0.5872
8128,19420,-0.5072
8134,19440,-0.2571
8143,19460,-0.6426
8152,19480,-0.4736
8166,19500,-0.877
8178,19520,-0.7653
8187,19540,-0.5432
8195,19560,-0.6802
8203,19580,-0.6086
8210,19600,-0.2616
8216,19620,-0.5526
8223,19640,-0.1776
8231,19660,-0.4581
8240,19680,-0.776
8250,19700,-0.6653
8261,19720,-0.7735
8269,19740,-0.7113
8276,19760,-0.2306
8284,19780,-0.2886
8290,19800,-0.2658
8297,19820,-0.5194
8305,19840,-0.668
8316,19860,-0.6907
8323,19880,-0.5628
8334,19900,-0.7811
8340,19920,-0.1462
8348,19940,-0.5908
8357,19960,-0.4109
8367,19980,-0.6377
8378,20000,-0.8023
8383,20020,-0.155
8391,20040,-0.2831
8400,20060,-0.5744
8407,20080,-0.3394
8416,20100,-0.4814
8424,20120,-0.7809
8435,20140,-0.7521
8446,20160,-0.8793
8457,20180,-0.6698
8464,20200,-0.3572
8471,20220,-0.5526
8474,20240,0.8983
8482,20260,-0.443
8492,20280,-0.6633
8499,20300,-0.4816
8508,20320,-0.7323
8516,20340,-0.6181
8524,20360,-0.6951
8532,20380,-0.6412
8546,20400,-0.9168
8553,20420,-0.381
8562,20440,-0.6417
8570,20460,-0.6283
8579,20480,-0.5649
8588,20500,-0.816
8600,20520,-0.6401
8610,20540,-0.6722
8617,20560,-0.5081
8625,20580,-0.4597
8635,20600,-0.7228
8645,20620,-0.722
8651,20640,-0.4532
8661,20660,-0.4566
8668,20680,-0.3475
8677,20700,-0.631
8688,20720,-0.8614
8698,20740,-0.694
8706,20760,-0.5945
8711,20780,0.0657
8716,20800,0.0688
8725,20820,-0.4238
8735,20840,-0.6845
8740,20860,-0.1218
8745,20880,0.0117
8753,20900,-0.374
8761,20920,-0.4415
8769,20940,-0.5431
8779,20960,-0.8081
8792,20980,-0.831
8801,21000,-0.6412
8809,21020,-0.7765
8819,21040,-0.5712
8831,21060,-0.8081
8841,21080,-0.684
8848,21100,-0.6562
8859,21120,-0.7337
8867,21140,-0.4392
8873,21160,-0.2512
8881,21180,-0.5764
8892,21200,-0.7155
8900,21220,-0.5655
8907,21240,-0.6294
8914,21260,-0.4382
8923,21280,-0.5598
8930,21300,-0.5208
8940,21320,-0.799
8952,21340,-0.7263
8958,21360,0.0079
8964,21380,0.04
8971,21400,-0.441
8978,21420,-0.5674
8991,21440,-0.8156
8998,21460,-0.3733
9006,21480,-0.6794
9019,21500,-0.6726
9025,21520,-0.1895
9030,21540,0.4077
9039,21560,-0.5751
9046,21580,-0.4846
9055,21600,-0.4611
9065,21620,-0.7036
9076,21640,-0.791
9084,21660,-0.4734
9088,21680,0.616
9098,21700,-0.78
9108,21720,-0.6902
9115,21740,-0.4747
9127,21760,-0.6292
9136,21780,-0.608
9146,21800,-0.6168
9151,21820,0.197
9156,21840,-0.0066
9163,21860,-0.288
9170,21880,-0.3061
9178,21900,-0.6799
9187,21920,-0.5826
9194,21940,-0.5311
9202,21960,-0.5495
9210,21980,-0.6393
9218,22000,-0.3489
9227,22020,-0.6296
9235,22040,-0.3382
9249,22060,-0.807
9255,22080,-0.3266
9263,22100,-0.5871
9267,22120,0.3861
9275,22140,-0.6774
9286,22160,-0.5778
9292,22180,-0.2629
9299,22200,-0.4097
9309,22220,-0.8137
9317,22240,-0.4377
9325,22260,-0.5293
9336,22280,-0.7909
9347,22300,-0.8419
9356,22320,-0.5958
9364,22340,-0.2319
9376,22360,-0.8037
9386,22380,-0.6656
9395,22400,-0.4162
9403,22420,-0.7547
9408,22440,-0.1972
9419,22460,-0.6277
9432,22480,-0.8483
9443,22500,-0.7331
9449,22520,-0.6068
9458,22540,-0.6648
9464,22560,-0.4705
9468,22580,0.0347
9477,22600,-0.5264
9484,22620,-0.2974
9492,22640,-0.3244
9499,22660,-0.5571
9506,22680,-0.4838
9513,22700,-0.4898
9521,22720,-0.3525
9526,22740,0.5496
9532,22760,-0.4389
9540,22780,-0.4777
9546,22800,-0.0782
9555,22820,-0.5744
9562,22840,-0.2011
9572,22860,-0.5576
9579,22880,-0.5539
9589,22900,-0.5223
9596,22920,-0.4146
9606,22940,-0.8057
9610,22960,0.4312
9621,22980,-0.6456
9627,23000,-0.2146
9633,23020,-0.209
9638,23040,-0.1013
9650,23060,-0.5581
9657,23080,-0.2696
9665,23100,-0.6466
9674,23120,-0.8675
9681,23140,-0.4984
9692,23160,-0.4581
9699,23180,-0.6292
9707,23200,-0.54
9718,23220,-0.8248
9726,23240,-0.5012
9732,23260,0.0283
9739,23280,-0.3779
9748,23300,-0.4716
9759,23320,-0.7338
9767,23340,-0.3264
9779,23360,-0.7392
9788,23380,-0.5511
9796,23400,-0.6068
9801,23420,0.1799
9809,23440,-0.2571
9814,23460,-0.0088
9826,23480,-0.8033
9835,23500,-0.7119
9842,23520,-0.0709
9851,23540,-0.6465
9857,23560,-0.0493
9869,23580,-0.8724
9875,23600,0.5401
9885,23620,-0.7271
9893,23640,-0.599
9905,23660,-0.8407
9913,23680,-0.5727
9919,23700,-0.4483
9930,23720,-0.6166
9937,23740,-0.6148
9945,23760,-0.4269
9954,23780,-0.6825
9961,23800,-0.7079
9971,23820,-0.5967
9979,23840,-0.4439
9989,23860,-0.6638
9997,23880,-0.5701
10008,23900,-0.7449
10019,23920,-0.8005
10028,23940,-0.8413
10039,23960,-0.7264
10049,23980,-0.6498
10058,24000,-0.6494
10065,24020,-0.4754
10076,24040,-0.5902
10082,24060,-0.4839
10090,24080,-0.6356
10101,24100,-0.8351
10105,24120,0.0526
10113,24140,-0.6033
10124,24160,-0.7215
10133,24180,-0.8259
10143,24200,-0.3035
10151,24220,-0.4653
10163,24240,-0.8377
10168,24260,-0.2223
10181,24280,-0.8662
10187,24300,-0.1603
10197,24320,-0.5718
10207,24340,-0.612
10213,24360,-0.0858
10224,24380,-0.8143
10231,24400,-0.3368
10245,24420,-0.8608
10252,24440,-0.5907
10263,24460,-0.7397
10275,24480,-0.848
10286,24500,-0.6916
10295,24520,-0.6552
10304,24540,-0.6815
10313,24560,-0.6817
10320,24580,-0.4215
10331,24600,-0.6735
10339,24620,-0.5621
10347,24640,-0.639
10356,24660,-0.6612
10364,24680,-0.5482
10372,24700,-0.5336
10377,24720,-0.0816
10384,24740,-0.4192
10393,24760,-0.5432
10403,24780,-0.6627
10410,24800,-0.4096
10418,24820,-0.4375
10430,24840,-0.9211
10440,24860,-0.6472
10447,24880,-0.5342
10456,24900,-0.5063
10462,24920,-0.3344
10470,24940,-0.3481
10481,24960,-0.6671
10485,24980,-0.0387
10497,25000,-0.7534
10506,25020,-0.524
10511,25040,-0.0063
10522,25060,-0.6954
10528,25080,-0.2109
10536,25100,-0.6447
10544,25120,-0.2515
10553,25140,-0.6282
10559,25160,-0.3609
10561,25180,1.5456
10567,25200,-0.027
10572,25220,0.0826
10579,25240,-0.6285
10585,25260,-0.0412
10591,25280,-0.3877
10603,25300,-0.7585
10607,25320,-0.3926
10617,25340,-0.4722
10623,25360,-0.2411
10630,25380,-0.7138
10637,25400,-0.2215
10641,25420,0.4865
10647,25440,-0.1568
10656,25460,-0.6926
10665,25480,-0.6633
10674,25500,-0.3955
10680,25520,0.2276
10687,25540,-0.4127
10694,25560,-0.325
10701,25580,-0.4983
10706,25600,-0.2748
10715,25620,-0.6212
10725,25640,-0.6831
10729,25660,-0.2611
10737,25680,-0.2857
10742,25700,-0.0914
10751,25720,-0.5638
10756,25740,0.0404
10763,25760,-0.7177
10768,25780,0.5439
10779,25800,-0.7423
10789,25820,-0.8081
10794,25840,-0.0214
10803,25860,-0.521
10807,25880,0.3038
10813,25900,-0.424
10820,25920,-0.5001
10830,25940,-0.4511
10837,25960,-0.5693
10844,25980,-0.4251
10851,26000,-0.2627
10856,26020,-0.2663
10861,26040,-0.0484
10871,26060,-0.7572
10882,26080,-0.7606
10886,26100,0.3421
10894,26120,-0.5513
10900,26140,-0.4718
10902,26160,0.4601
10909,26180,-0.5482
10917,26200,-0.8346
10926,26220,-0.6175
10933,26240,-0.7667
10941,26260,-0.3945
10949,26280,-0.6578
10957,26300,-0.3013
10966,26320,-0.7678
10972,26340,-0.6238
10978,26360,-0.1613
10988,26380,-0.6952
10994,26400,-0.081
11005,26420,-0.7748
11013,26440,-0.5362
11018,26460,0.488
11025,26480,-0.6427
11032,26500,-0.4532
11041,26520,-0.3255
11047,26540,-0.3857
11055,26560,-0.6991
11065,26580,-0.7469
11072,26600,-0.4264
11075,26620,1.3669
11086,26640,-0.8549
11094,26660,-0.2314
11100,26680,-0.5121
11108,26700,-0.6805
11116,26720,-0.3646
11127,26740,-0.7914
11137,26760,-0.7419
11144,26780,-0.3577
11151,26800,-0.4795
11160,26820,-0.7918
11170,26840,-0.8301
11177,26860,0.1469
11184,26880,-0.5586
11193,26900,-0.7251
11201,26920,-0.4884
11210,26940,-0.6509
11220,26960,-0.8157
11227,26980,-0.2996
11236,27000,-0.6531
11242,27020,-0.2377
11250,27040,-0.4449
11259,27060,-0.6054
11266,27080,-0.5802
11274,27100,-0.5472
11280,27120,-0.6694
11286,27140,-0.092
11292,27160,0.1242
11299,27180,-0.7219
11310,27200,-0.6546
11318,27220,-0.6525
11327,27240,-0.6571
11333,27260,-0.2193
11337,27280,-0.3431
11345,27300,-0.4446
11350,27320,-0.0977
11359,27340,-0.7157
11363,27360,0.1075
11372,27380,-0.608
11378,27400,-0.1863
11385,27420,-0.3795
11393,27440,-0.3887
11400,27460,-0.5214
11406,27480,-0.1252
11415,27500,-0.7249
11423,27520,-0.6203
11432,27540,-0.4631
11440,27560,-0.6434
11449,27580,-0.7099
11456,27600,-0.4422
11463,27620,-0.3116
11468,27640,-0.4835
11477,27660,-0.69
11483,27680,-0.3083
11488,27700,-0.0198
11497,27720,-0.7418
11507,27740,-0.7942
11514,27760,-0.4334
11520,27780,-0.3503
11527,27800,-0.7948
11537,27820,-0.5205
11545,27840,-0.4325
11553,27860,-0.6483
11559,27880,-0.152
11565,27900,-0.0883
11571,27920,-0.2885
11575,27940,0.5693
11581,27960,-0.3033
11590,27980,-0.5281
11599,28000,-0.5554
11607,28020,-0.4755
11613,28040,-0.4078
11618,28060,0.1057
11624,28080,-0.1325
11632,28100,-0.6384
11642,28120,-0.6354
11649,28140,-0.4926
11658,28160,-0.667
11667,28180,-0.689
11674,28200,-0.6485
11684,28220,-0.6476
11692,28240,-0.7976
11700,28260,-0.4595
11704,28280,0.2137
11711,28300,-0.6104
11717,28320,-0.1924
11722,28340,-0.2659
11728,28360,-0.1503
11737,28380,-0.5859
11744,28400,-0.5556
11753,28420,-0.5273
11761,28440,-0.5877
11767,28460,-0.637
11771,28480,0.8769
11777,28500,-0.1821
11785,28520,-0.6359
11795,28540,-0.6036
11802,28560,-0.5796
11811,28580,-0.6452
11816,28600,-0.0933
11825,28620,-0.6128
11833,28640,-0.6861
11840,28660,0.059
11845,28680,-0.2202
11853,28700,-0.373
11860,28720,-0.6283
11870,28740,-0.7423
11880,28760,-0.5934
11886,28780,-0.5575
11896,28800,-0.5832
11902,28820,-0.8246
11914,28840,-0.6044
11920,28860,-0.5413
11930,28880,-0.6985
11937,28900,-0.5902
11941,28920,0.462
11951,28940,-0.7315
11961,28960,-0.8781
11965,28980,0.4122
11973,29000,-0.3329
11978,29020,0.0693
11985,29040,-0.5466
11994,29060,-0.7472
11999,29080,-0.615
12009,29100,-0.2642
12015,29120,-0.4578
12024,29140,-0.3956
12032,29160,-0.727
12042,29180,-0.6968
12050,29200,-0.4189
12055,29220,0.1743
12063,29240,-0.4386
12070,29260,-0.3028
12079,29280,-0.5826
12088,29300,-0.605
12095,29320,-0.5282
12104,29340,-0.5207
12117,29360,-0.7416
12122,29380,-0.1812
12129,29400,-0.5224
12135,29420,-0.2216
12142,29440,-0.2272
12149,29460,-0.2977
12155,29480,-0.4286
12163,29500,-0.6652
12170,29520,-0.494
12176,29540,-0.2683
12187,29560,-0.7722
12191,29580,0.5694
12203,29600,-0.8932
12209,29620,-0.437
12220,29640,-0.6787
12229,29660,-0.7553
12237,29680,-0.4995
12244,29700,-0.2905
12251,29720,-0.416
12258,29740,-0.3832
12263,29760,0.0181
12269,29780,-0.3486
12276,29800,-0.4608
12284,29820,-0.5734
12293,29840,-0.5282
12301,29860,-0.3567
12311,29880,-0.7501
12318,29900,-0.4396
12325,29920,-0.4536
12332,29940,-0.258
12343,29960,-0.7783
12346,29980,0.7132
12354,30000,-0.6266
12361,30020,-0.2354
12370,30040,-0.6574
12373,30060,-0.0222
12381,30080,-0.1207
12389,30100,-0.5385
12398,30120,-0.6485
12404,30140,-0.5362
12408,30160,0.7867
12416,30180,-0.5579
12425,30200,-0.6871
12431,30220,-0.5464
12439,30240,-0.58
12451,30260,-0.7783
12458,30280,-0.3798
12467,30300,-0.5454
12474,30320,-0.6989
12485,30340,-0.5546
12494,30360,-0.476
12504,30380,-0.6663
12510,30400,-0.7829
12515,30420,0.4057
12522,30440,-0.6251
12528,30460,0.1489
12535,30480,-0.4764
12542,30500,-0.471
12545,30520,-0.1547
12554,30540,-0.1085
12566,30560,-0.7662
12576,30580,-0.6872
12586,30600,-0.6231
12593,30620,-0.6006
12598,30640,0.0656
12609,30660,-0.5432
12618,30680,-0.6671
12624,30700,-0.5738
12632,30720,-0.3825
12638,30740,-0.2862
12648,30760,-0.7764
12656,30780,-0.5682
12661,30800,-0.1786
12670,30820,-0.6797
12680,30840,-0.7348
12688,30860,-0.4684
12698,30880,-0.6886
12706,30900,-0.5622
12712,30920,-0.0
12717,30940,-0.5227
12725,30960,-0.5377
12733,30980,-0.6238
12739,31000,-0.5302
12746,31020,-0.2694
12753,31040,-0.4187
12759,31060,-0.276
12768,31080,-0.5296
12774,31100,-0.0633
12778,31120,-0.0907
12784,31140,-0.1631
12791,31160,-0.6439
12795,31180,-0.1181
12805,31200,-0.6792
12816,31220,-0.7164
12821,31240,-0.623
12828,31260,0.0822
12836,31280,-0.5199
12841,31300,-0.268
12849,31320,-0.5282
12860,31340,-0.6738
12867,31360,-0.5862
12876,31380,-0.5573
12883,31400,-0.5541
12891,31420,-0.6109
12898,31440,-0.3882
12912,31460,-0.9564
12920,31480,-0.6942
12929,31500,-0.5604
12937,31520,-0.6056
12942,31540,-0.22
12947,31560,0.2355
12952,31580,-0.3808
12960,31600,-0.3704
12964,31620,-0.0425
12971,31640,-0.4638
12977,31660,-0.4788
12986,31680,-0.7343
12993,31700,-0.1538
13000,31720,-0.261
13010,31740,-0.7017
13016,31760,-0.2834
13023,31780,-0.5265
13032,31800,-0.6278
13040,31820,-0.3838
13048,31840,-0.5991
13059,31860,-0.5814
13068,31880,-0.6106
13080,31900,-0.7639
13087,31920,-0.5974
13095,31940,-0.5568
13103,31960,-0.3884
13108,31980,-0.1854
13118,32000,-0.6669
13127,32020,-0.7461
13132,32040,-0.0862
13141,32060,-0.6859
13147,32080,-0.5314
13155,32100,-0.3431
13159,32120,0.7444
13166,32140,-0.0625
13171,32160,-0.3522
13179,32180,-0.3371
13186,32200,-0.2836
13196,32220,-0.6902
13201,32240,0.0225
13208,32260,-0.7568
13215,32280,-0.2567
13224,32300,-0.6449
13235,32320,-0.7878
13238,32340,0.5948
13244,32360,-0.3276
13250,32380,-0.286
13262,32400,-0.7851
13272,32420,-0.7222
13281,32440,-0.627
13289,32460,-0.572
13294,32480,0.1862
13303,32500,-0.6474
13310,32520,-0.326
13317,32540,-0.1039
13323,32560,-0.4324
13329,32580,-0.6856
13338,32600,-0.1531
13343,32620,-0.4138
13353,32640,-0.4903
13359,32660,-0.2678
13362,32680,1.3715
13372,32700,-0.3926
13385,32720,-0.8769
13394,32740,-0.4864
13402,32760,-0.666
13412,32780,-0.537
13420,32800,-0.5744
13427,32820,-0.6189
13439,32840,-0.7512
13447,32860,-0.5783
13454,32880,-0.5199
13459,32900,-0.5195
13465,32920,-0.4953
13473,32940,-0.5074
13479,32960,-0.1582
13486,32980,-0.6175
13498,33000,-0.7466
13507,33020,-0.7079
13514,33040,-0.4679
13520,33060,-0.3999
13528,33080,-0.4568
13534,33100,-0.0066
13543,33120,-0.6779
13552,33140,-0.476
13556,33160,0.1742
13565,33180,-0.4873
13574,33200,-0.6285
13580,33220,-0.3116
13590,33240,-0.6804
13599,33260,-0.6761
13608,33280,-0.6767
13614,33300,0.1264
13621,33320,-0.5225
13625,33340,0.0197
13634,33360,-0.6621
13639,33380,0.0339
13643,33400,-0.1583
13654,33420,-0.7687
13665,33440,-0.65
13672,33460,-0.3882
13680,33480,-0.6539
13686,33500,-0.5837
13694,33520,-0.55
13702,33540,-0.5541
13713,33560,-0.8138
13722,33580,-0.6422
13730,33600,-0.5979
13737,33620,-0.3933
13741,33640,-0.4002
13748,33660,-0.111
13753,33680,-0.1017
13760,33700,-0.3654
13769,33720,-0.6323
13776,33740,-0.3839
13781,33760,-0.5255
13788,33780,0.1705
13793,33800,-0.1017
13799,33820,-0.1957
13811,33840,-0.7951
13819,33860,-0.5547
13826,33880,-0.4335
13829,33900,0.0573
13838,33920,-0.4355
13846,33940,-0.4712
13856,33960,-0.678
13863,33980,-0.4196
13868,34000,-0.1173
13879,34020,-0.7921
13885,34040,-0.1021
13893,34060,-0.7636
13897,34080,0.12
13910,34100,-0.7983
13913,34120,0.2873
13922,34140,-0.4667
13926,34160,-0.1676
13934,34180,-0.531
13940,34200,-0.3377
13948,34220,-0.3451
13958,34240,-0.7846
13964,34260,-0.4935
13975,34280,-0.9128
13982,34300,-0.2543
13987,34320,-0.5604
13993,34340,-0.3761
14001,34360,-0.0455
14007,34380,-0.2751
14015,34400,-0.5741
14021,34420,-0.4346
14028,34440,-0.3525
14038,34460,-0.7528
14047,34480,-0.6448
14054,34500,-0.1827
14064,34520,-0.6279
14073,34540,-0.8474
14080,34560,-0.0047
14086,34580,-0.5826
14095,34600,-0.4602
14100,34620,-0.2985
14107,34640,-0.109
14116,34660,-0.6422
14123,34680,-0.3057
14128,34700,-0.5025
14134,34720,-0.4219
14139,34740,0.1851
14147,34760,-0.3654
14155,34780,-0.5312
14161,34800,-0.4705
14166,34820,-0.0581
14175,34840,-0.4953
14181,34860,-0.496
14194,34880,-0.7971
14201,34900,-0.4992
14205,34920,0.2458
14215,34940,-0.5758
14221,34960,-0.0917
14228,34980,-0.5693
14232,35000,0.4566
14236,35020,0.129
14243,35040,-0.4134
14250,35060,-0.3803
14258,35080,-0.5551
14266,35100,-0.4413
14275,35120,-0.5867
14280,35140,-0.5018
14285,35160,0.0609
14293,35180,-0.511
14298,35200,-0.129
14306,35220,-0.6021
14316,35240,-0.5965
14321,35260,-0.4333
14326,35280,-0.2763
14329,35300,1.049
14338,35320,-0.6698
14347,35340,-0.5399
14352,35360,-0.0297
14360,35380,-0.5194
14366,35400,-0.3736
14373,35420,-0.5565
14378,35440,-0.0126
14387,35460,-0.6523
14392,35480,-0.1582
14400,35500,-0.5233
14406,35520,-0.141
14416,35540,-0.6358
14422,35560,-0.2049
14427,35580,0.0545
14432,35600,-0.3046
14440,35620,-0.4047
14447,35640,-0.5516
14459,35660,-0.8212
14465,35680,-0.5164
14472,35700,-0.3382
14480,35720,-0.5048
14486,35740,-0.2936
14496,35760,-0.6636
14504,35780,-0.6653
14510,35800,-0.2431
14519,35820,-0.6038
14525,35840,-0.273
14534,35860,-0.6401
14543,35880,-0.6155
14552,35900,-0.6252
14558,35920,-0.4567
14564,35940,-0.2835
14571,35960,-0.3215
14583,35980,-0.8506
14591,36000,-0.5702
14600,36020,-0.6175
14606,36040,-0.4041
14616,36060,-0.5083
14623,36080,-0.314
14631,36100,-0.6854
14641,36120,-0.6701
14649,36140,-0.378
14662,36160,-0.8834
14670,36180,-0.5339
14678,36200,-0.5435
14687,36220,-0.3177
14699,36240,-0.82
14704,36260,0.0243
14711,36280,-0.2891
14717,36300,-0.6603
14726,36320,-0.5279
14729,36340,-0.0508
14735,36360,-0.3089
14739,36380,0.6237
14747,36400,-0.5299
14755,36420,-0.5558
14762,36440,-0.5918
14770,36460,-0.5835
14774,36480,0.0413
14784,36500,-0.4213
14797,36520,-0.8782
14806,36540,-0.6224
14812,36560,-0.3521
14819,36580,-0.6438
14832,36600,-0.6261
14838,36620,-0.3505
14843,36640,-0.0362
14848,36660,-0.0272
14854,36680,-0.3331
14862,36700,-0.4093
14867,36720,0.2439
14873,36740,-0.3983
14880,36760,-0.0517
14886,36780,-0.301
14893,36800,-0.4354
14906,36820,-0.733
14912,36840,-0.6937
14921,36860,-0.2843
14929,36880,-0.5338
14934,36900,0.0334
14940,36920,-0.3498
14947,36940,-0.4408
14950,36960,1.3459
14955,36980,-0.1239
14964,37000,-0.7343
14969,37020,-0.0681
14977,37040,-0.3583
14984,37060,-0.3484
14995,37080,-0.8625
15003,37100,-0.6015
15009,37120,0.0143
15015,37140,-0.8158
15025,37160,-0.4807
15032,37180,-0.4873
15041,37200,-0.6786
15049,37220,-0.6588
15060,37240,-0.634
15069,37260,-0.6431
15076,37280,-0.5684
15087,37300,-0.3118
15095,37320,-0.6873
15098,37340,0.3027
15106,37360,-0.4666
15111,37380,-0.3682
15116,37400,0.0675
15123,37420,0.0417
15130,37440,-0.4922
15136,37460,-0.1244
15141,37480,0.2868
15152,37500,-0.661
15155,37520,0.1812
15163,37540,-0.4916
15167,37560,0.2048
15176,37580,-0.5433
15186,37600,-0.7154
15196,37620,-0.7069
15204,37640,-0.4897
15214,37660,-0.5607
15222,37680,-0.4291
15227,37700,-0.4753
15236,37720,-0.658
15245,37740,-0.5178
15257,37760,-0.7894
15264,37780,-0.2961
15272,37800,-0.4684
15278,37820,-0.3224
15286,37840,-0.4741
15297,37860,-0.7786
15306,37880,-0.7007
15313,37900,-0.2971
15323,37920,-0.5647
15329,37940,-0.4489
15338,37960,-0.5403
15342,37980,0.0782
15350,38000,-0.5853
15358,38020,-0.2111
15363,38040,-0.067
15369,38060,-0.2921
15379,38080,-0.5096
15382,38100,0.5968
15387,38120,-0.1188
15395,38140,-0.5168
15404,38160,-0.5246
15411,38180,-0.6209
15420,38200,-0.612
15427,38220,-0.6488
15438,38240,-0.7393
15447,38260,-0.6134
15455,38280,-0.7293
15460,38300,-0.1159
15468,38320,-0.512
15476,38340,-0.7158
15485,38360,-0.7674
15492,38380,-0.646
15501,38400,-0.4808
15507,38420,-0.1048
15511,38440,0.344
15517,38460,-0.2728
15523,38480,-0.5028
15526,38500,1.9374
15532,38520,-0.1156
15537,38540,-0.1921
15545,38560,-0.457
15554,38580,-0.7785
15559,38600,-0.0954
15569,38620,-0.7547
15576,38640,-0.5154
15581,38660,0.1059
15587,38680,-0.1441
15596,38700,-0.4823
15604,38720,-0.5017
15612,38740,-0.5254
15618,38760,-0.0966
15625,38780,-0.2283
15633,38800,-0.6281
15642,38820,-0.8555
15648,38840,-0.2113
15654,38860,-0.2607
15657,38880,0.4441
15665,38900,-0.383
15671,38920,-0.5142
15674,38940,0.4934
15681,38960,0.0727
15689,38980,-0.5249
15695,39000,-0.5126
15700,39020,0.184
15705,39040,0.2171
15716,39060,-0.7948
15722,39080,-0.5818
15728,39100,-0.2596
15735,39120,-0.5991
15742,39140,-0.5725
15747,39160,0.0321
15756,39180,-0.5444
15761,39200,0.3697
15769,39220,-0.4319
15779,39240,-0.673
15787,39260,-0.7262
15795,39280,-0.5614
15806,39300,-0.6489
15811,39320,-0.2355
15820,39340,-0.604
15826,39360,-0.4179
15833,39380,-0.319
15840,39400,-0.573
15850,39420,-0.6414
15857,39440,-0.5672
15865,39460,-0.5462
15874,39480,-0.741
15885,39500,-0.804
15892,39520,-0.0293
15899,39540,-0.5497
15911,39560,-0.7385
15917,39580,-0.6096
15926,39600,-0.5713
15933,39620,-0.7879
15940,39640,-0.4639
15950,39660,-0.5308
15955,39680,-0.4502
15960,39700,0.0981
15968,39720,-0.5026
15976,39740,-0.4043
15986,39760,-0.7433
15998,39780,-0.8373
16004,39800,-0.2692
16012,39820,-0.4017
16018,39840,-0.2758
16023,39860,-0.2222
16031,39880,-0.5618
16035,39900,0.2769
16042,39920,-0.3754
16051,39940,-0.4411
16057,39960,-0.4029
16065,39980,-0.3421
16069,40000,-0.248
16078,40020,-0.457
16088,40040,-0.7747
16093,40060,0.1601
16099,40080,-0.2371
16105,40100,-0.5868
16114,40120,-0.4996
16121,40140,-0.4257
16127,40160,0.1115
16138,40180,-0.7545
16146,40200,-0.6148
16155,40220,-0.7162
16159,40240,0.2872
16165,40260,-0.0118
16173,40280,-0.7427
16182,40300,-0.5509
16191,40320,-0.6063
16201,40340,-0.6262
16210,40360,-0.6933
16213,40380,1.4598
16220,40400,-0.3165
16229,40420,-0.663
16237,40440,-0.5128
16246,40460,-0.6407
16251,40480,-0.0769
16260,40500,-0.6612
16266,40520,-0.181
16276,40540,-0.6109
16283,40560,-0.3838
16289,40580,-0.3134
16295,40600,-0.2184
16300,40620,0.0349
16308,40640,-0.4271
16315,40660,-0.6943
16323,40680,-0.3331
16330,40700,-0.44
16340,40720,-0.6068
16345,40740,-0.0401
16351,40760,0.3211
16362,40780,-0.7926
16369,40800,-0.6293
16377,40820,-0.4186
16387,40840,-0.7152
16396,40860,-0.6847
16403,40880,-0.6131
16412,40900,-0.3443
16418,40920,-0.4666
16426,40940,-0.5407
16429,40960,0.4746
16435,40980,0.6845
16441,41000,-0.4218
16446,41020,0.3961
16451,41040,-0.7053
16459,41060,-0.0901
16464,41080,-0.0979
16474,41100,-0.5113
16484,41120,-0.6095
16490,41140,-0.4467
16499,41160,-0.6768
16506,41180,-0.0304
16512,41200,-0.4797
16520,41220,-0.0197
16526,41240,-0.1174
16531,41260,-0.2086
16535,41280,0.2981
16542,41300,-0.3335
16548,41320,-0.2616
16556,41340,-0.6038
16569,41360,-0.8009
16577,41380,-0.5773
16586,41400,-0.748
16596,41420,-0.7331
16605,41440,-0.4271
16613,41460,-0.6825
16623,41480,-0.805
16632,41500,-0.5077
16640,41520,-0.4896
16646,41540,-0.1847
16653,41560,-0.4121
16659,41580,-0.3204
16669,41600,-0.6339
16676,41620,-0.6511
16685,41640,-0.6606
16694,41660,-0.8545
16704,41680,-0.7416
16713,41700,-0.6687
16723,41720,-0.6843
16729,41740,-0.4134
16734,41760,0.0236
16746,41780,-0.6066
16757,41800,-0.7068
16768,41820,-0.7749
16777,41840,-0.6137
16787,41860,-0.5978
16796,41880,-0.6551
16804,41900,-0.6363
16814,41920,-0.8161
16824,41940,-0.5672
16831,41960,-0.5188
16839,41980,-0.6252
16848,42000,-0.5588
16856,42020,-0.3763
16863,42040,-0.402
16873,42060,-0.5444
16880,42080,-0.4794
16890,42100,-0.7867
16897,42120,-0.5802
16907,42140,-0.3886
16917,42160,-0.7738
16925,42180,-0.5235
16930,42200,0.1429
16934,42220,0.0451
16941,42240,-0.1808
16946,42260,-0.1214
16953,42280,-0.2663
16961,42300,-0.5948
16968,42320,-0.5916
16973,42340,0.1303
16982,42360,-0.7389
16990,42380,-0.4969
16995,42400,0.022
16998,42420,-0.1762
17006,42440,0.0143
17015,42460,-0.8275
17024,42480,-0.5008
17031,42500,-0.5529
17037,42520,0.3361
17042,42540,0.1167
17051,42560,-0.7738
17058,42580,-0.3201
17069,42600,-0.6727
17077,42620,-0.5136
17081,42640,0.4698
17085,42660,0.0281
17095,42680,-0.5716
17101,42700,-0.4842
17108,42720,-0.1771
17114,42740,-0.4259
17122,42760,-0.4717
17126,42780,1.3658
17133,42800,-0.6452
17141,42820,-0.3063
17151,42840,-0.6229
17160,42860,-0.6972
17167,42880,-0.1681
17175,42900,-0.3357
17183,42920,-0.5087
17191,42940,-0.5166
17199,42960,-0.5024
17208,42980,-0.7563
17220,43000,-0.7389
17226,43020,-0.3041
17232,43040,-0.2534
17241,43060,-0.7361
17247,43080,-0.272
17256,43100,-0.5465
17263,43120,-0.5933
17271,43140,-0.6237
17276,43160,0.4694
17282,43180,-0.6073
17286,43200,0.5323
17292,43220,-0.3682
17303,43240,-0.7479
17311,43260,-0.6278
17319,43280,-0.6133
17329,43300,-0.6774
17338,43320,-0.6432
17347,43340,-0.7164
17355,43360,-0.4241
17360,43380,-0.1653
17372,43400,-0.9393
17377,43420,0.0344
17384,43440,-0.3538
17392,43460,-0.629
17400,43480,-0.4881
17408,43500,-0.5751
17415,43520,-0.1657
17422,43540,-0.3092
17429,43560,-0.3323
17440,43580,-0.6755
17448,43600,-0.7255
17459,43620,-0.7897
17468,43640,-0.6427
17476,43660,-0.614
17482,43680,-0.4288
17487,43700,0.0102
17495,43720,-0.4583
17502,43740,-0.667
17507,43760,-0.323
17520,43780,-0.6347
17528,43800,-0.2589
17535,43820,-0.6101
17542,43840,-0.4609
17552,43860,-0.7369
17560,43880,-0.5535
17567,43900,-0.2801
17574,43920,-0.4765
17583,43940,-0.5719
17591,43960,-0.594
17597,43980,-0.3451
17605,44000,-0.567
17613,44020,-0.5796
17623,44040,-0.7483
17629,44060,-0.1596
17636,44080,-0.304
17643,44100,-0.5157
17649,44120,-0.0496
17657,44140,-0.4881
17663,44160,-0.1419
17671,44180,-0.6474
17678,44200,-0.4139
17683,44220,0.0291
17688,44240,-0.355
17695,44260,-0.2782
17700,44280,-0.2053
17705,44300,-0.1204
17712,44320,-0.5264
17721,44340,-0.3127
17732,44360,-0.8207
17738,44380,-0.44
17744,44400,-0.5516
17753,44420,-0.6267
17760,44440,-0.2143
17769,44460,-0.631
17776,44480,-0.4992
17785,44500,-0.6212
17793,44520,-0.4921
17800,44540,-0.4803
17809,44560,-0.7129
17817,44580,-0.41
17823,44600,-0.1979
17828,44620,-0.488
17835,44640,0.2687
17842,44660,-0.4659
17849,44680,-0.372
17856,44700,-0.8238
17864,44720,-0.3996
17872,44740,-0.3318
17881,44760,-0.5692
17889,44780,-0.6351
17895,44800,-0.7117
17903,44820,-0.1487
17913,44840,-0.8132
17924,44860,-0.77
17934,44880,-0.7137
17942,44900,-0.7089
17948,44920,-0.2668
17961,44940,-0.8506
17969,44960,-0.6362
17977,44980,-0.6089
17985,45000,-0.6236
17994,45020,-0.4809
18000,45040,-0.5786
18009,45060,-0.5812
18018,45080,-0.74
18029,45100,-0.6626
18036,45120,-0.2401
18040,45140,0.3204
18047,45160,-0.4768
18056,45180,-0.6703
18062,45200,-0.2256
18070,45220,-0.654
18075,45240,-0.1687
18082,45260,-0.0678
18091,45280,-0.6029
18098,45300,-0.356
18105,45320,-0.3324
18111,45340,-0.3166
18124,45360,-0.8778
18129,45380,0.1703
18137,45400,-0.2115
18145,45420,-0.4689
18157,45440,-0.8153
18166,45460,-0.6472
18173,45480,-0.2651
18181,45500,-0.5346
18190,45520,-0.7936
18196,45540,-0.2635
18201,45560,0.2105
18206,45580,-0.4476
18214,45600,-0.4156
18222,45620,-0.7207
18233,45640,-0.6591
18242,45660,-0.7748
18249,45680,-0.4759
18256,45700,-0.4378
18263,45720,-0.4292
18268,45740,-0.526
18275,45760,-0.2639
18283,45780,-0.8032
18293,45800,-0.5571
18299,45820,-0.1953
18313,45840,-0.8509
18320,45860,-0.5069
18329,45880,-0.5926
18336,45900,-0.375
18344,45920,-0.79
18353,45940,-0.6705
18357,45960,0.3591
18360,45980,0.8296
18372,46000,-0.6959
18378,46020,-0.373
18387,46040,-0.571
18392,46060,-0.2183
18402,46080,-0.8053
18413,46100,-0.6218
18420,46120,-0.6079
18427,46140,-0.3078
18432,46160,-0.5318
18438,46180,0.3154
18445,46200,-0.316
18453,46220,-0.3706
18457,46240,0.0602
18464,46260,-0.4759
18474,46280,-0.652
18482,46300,-0.3375
18491,46320,-0.5394
18500,46340,-0.6894
18508,46360,-0.6433
18519,46380,-0.6401
18524,46400,-0.1908
18531,46420,-0.7165
18542,46440,-0.7894
18546,46460,-0.4188
18551,46480,0.0823
18558,46500,-0.2677
18563,46520,-0.2158
18572,46540,-0.54
18583,46560,-0.7592
18589,46580,-0.2585
18598,46600,-0.4709
18606,46620,-0.576
18617,46640,-0.7252
18627,46660,-0.684
18634,46680,-0.3034
18638,46700,-0.1495
18643,46720,-0.151
18650,46740,-0.4718
18657,46760,-0.0794
18667,46780,-0.6904
18673,46800,-0.4183
18679,46820,-0.0891
18691,46840,-0.8184
18698,46860,-0.4962
18702,46880,-0.1107
18713,46900,-0.5519
18720,46920,-0.4876
18725,46940,-0.1754
18729,46960,0.0177
18737,46980,-0.4823
18741,47000,-0.004
18754,47020,-0.6937
18758,47040,-0.2056
18766,47060,-0.6404
18774,47080,-0.233
18783,47100,-0.6482
18795,47120,-0.8657
18801,47140,-0.2033
18806,47160,0.1211
18813,47180,-0.653
18819,47200,0.2591
18824,47220,-0.3856
18828,47240,-0.1354
18835,47260,0.1691
18842,47280,-0.4717
18849,47300,-0.6195
18857,47320,-0.1832
18861,47340,-0.1495
18865,47360,0.4503
18872,47380,-0.2019
18880,47400,-0.5034
18889,47420,-0.5003
18897,47440,-0.6205
18906,47460,-0.5142
18917,47480,-0.7898
18922,47500,0.0529
18932,47520,-0.6962
18942,47540,-0.6325
18948,47560,-0.1387
18956,47580,-0.5104
18961,47600,0.06
18971,47620,-0.6858
18977,47640,-0.5401
18984,47660,-0.5095
18992,47680,-0.4887
19003,47700,-0.6812
19012,47720,-0.4518
19019,47740,-0.2642
19028,47760,-0.7172
19035,47780,-0.513
19044,47800,-0.4893
19053,47820,-0.4788
19057,47840,0.2052
19067,47860,-0.4123
19074,47880,-0.4114
19082,47900,-0.5877
19091,47920,-0.552
19098,47940,-0.3827
19104,47960,-0.5804
19111,47980,-0.3563
19118,48000,-0.2596
19124,48020,-0.2027
19128,48040,-0.3744
19137,48060,-0.1247
19147,48080,-0.7132
19156,48100,-0.6404
19166,48120,-0.6751
19173,48140,-0.3573
19180,48160,-0.3061
19188,48180,-0.6772
19193,48200,-0.1739
19198,48220,0.047
19203,48240,0.0294
19211,48260,-0.4082
19219,48280,-0.5544
19229,48300,-0.4099
19238,48320,-0.6605
19246,48340,-0.6312
19253,48360,-0.5394
19258,48380,0.4038
19265,48400,-0.1673
19272,48420,-0.3121
19282,48440,-0.7706
19287,48460,0.4041
19293,48480,-0.4791
19303,48500,-0.7115
19315,48520,-0.7496
19324,48540,-0.6023
19334,48560,-0.6171
19340,48580,-0.1309
19345,48600,-0.1843
19355,48620,-0.6698
19360,48640,-0.2365
19367,48660,-0.4217
19376,48680,-0.5632
19380,48700,-0.1146
19386,48720,0.3703
19393,48740,-0.5815
19400,48760,-0.2904
19407,48780,-0.4168
19418,48800,-0.8232
19425,48820,-0.4235
19433,48840,-0.4485
19444,48860,-0.8238
19450,48880,-0.3909
19456,48900,-0.4068
19465,48920,-0.7284
19469,48940,-0.0033
19479,48960,-0.5499
19486,48980,-0.6637
19494,49000,-0.3011
19503,49020,-0.7907
19510,49040,-0.6396
19518,49060,-0.7269
19522,49080,-0.3506
19530,49100,-0.4099
19539,49120,-0.7049
19545,49140,-0.3006
19550,49160,0.0014
19558,49180,-0.5757
19562,49200,0.2213
19567,49220,-0.1009
19578,49240,-0.7215
19588,49260,-0.7307
19596,49280,-0.405
19607,49300,-0.732
19611,49320,0.3047
19615,49340,0.1798
19622,49360,0.0341
19630,49380,-0.3897
19636,49400,-0.3579
19643,49420,-0.485
19649,49440,-0.1699
19655,49460,-0.4817
19663,49480,-0.479
19670,49500,-0.3966
19680,49520,-0.554
19688,49540,-0.7137
19692,49560,0.4662
19696,49580,0.195
19702,49600,-0.2304
19711,49620,-0.5821
19716,49640,0.0226
19720,49660,-0.242
19729,49680,-0.4761
19735,49700,-0.3335
19742,49720,-0.3686
19749,49740,-0.5269
19757,49760,-0.7495
19764,49780,-0.5077
19772,49800,-0.7969
19781,49820,-0.5631
19788,49840,-0.4876
19794,49860,-0.2746
19805,49880,-0.8175
19814,49900,-0.7016
19822,49920,-0.3134
19834,49940,-0.9131
19844,49960,-0.4071
19852,49980,-0.6838
19860,50000,-0.4356
19868,50020,-0.549
19875,50040,-0.3583
19883,50060,-0.6664
19892,50080,-0.6693
19899,50100,-0.5874
19904,50120,0.4011
19912,50140,-0.6838
19923,50160,-0.8185
19932,50180,-0.7009
19939,50200,-0.4298
19943,50220,0.3778
19947,50240,-0.4575
19953,50260,-0.2354
19961,50280,-0.2152
19973,50300,-0.6594
19978,50320,-0.1126
19984,50340,-0.2961
19988,50360,-0.1992
19994,50380,-0.6239
19998,50400,0.6003
20004,50420,-0.0682
20009,50440,-0.1861
20016,50460,-0.1073
20024,50480,-0.3917
20030,50500,-0.159
20036,50520,-0.4018
20044,50540,-0.1643
20049,50560,0.4891
20056,50580,-0.4854
20062,50600,-0.4165
20069,50620,-0.1991
20074,50640,-0.4008
20076,50660,2.4389
20083,50680,-0.6224
20090,50700,-0.4073
20098,50720,-0.5495
20101,50740,0.0612
20109,50760,-0.5274
20121,50780,-0.8416
20126,50800,0.0134
20134,50820,-0.4016
20143,50840,-0.6475
20150,50860,-0.6269
20156,50880,-0.2399
20163,50900,-0.2987
20174,50920,-0.7892
20181,50940,-0.3834
20187,50960,-0.1829
20194,50980,-0.6039
20199,51000,0.0756
20207,51020,-0.4295
20215,51040,-0.3348
20220,51060,-0.3928
20225,51080,0.0075
20236,51100,-0.751
20243,51120,-0.5163
20252,51140,-0.6673
20257,51160,-0.378
20265,51180,-0.6596
20269,51200,0.1673
20278,51220,-0.7703
20285,51240,-0.6925
20295,51260,-0.7676
20305,51280,-0.6079
20313,51300,-0.4185
20321,51320,-0.6839
20330,51340,-0.5489
20335,51360,0.1852
20342,51380,-0.3138
20349,51400,-0.402
20354,51420,-0.5077
20360,51440,0.503
20369,51460,-0.6284
20373,51480,0.3631
20380,51500,-0.1274
20389,51520,-0.6532
20396,51540,-0.5512
20403,51560,-0.3326
20411,51580,-0.6706
20415,51600,0.2263
20420,51620,-0.0707
20425,51640,0.328
20431,51660,-0.4953
20437,51680,0.0328
20445,51700,-0.6859
20450,51720,-0.5552
20460,51740,-0.3174
20468,51760,-0.6525
20475,51780,-0.4848
20482,51800,-0.5477
20486,51820,0.0612
20491,51840,0.4012
20499,51860,-0.6311
20506,51880,-0.2162
20513,51900,-0.7025
20520,51920,-0.124
20525,51940,-0.0527
20530,51960,-0.0781
20535,51980,-0.1468
20539,52000,0.1455
20545,52020,0.3611
20551,52040,-0.5639
20559,52060,-0.4436
20567,52080,-0.8532
20572,52100,0.1495
20581,52120,-0.5494
20588,52140,-0.8782
20595,52160,-0.2562
20603,52180,-0.3646
20609,52200,-0.2236
20619,52220,-0.6715
20623,52240,0.0716
20632,52260,-0.4027
20638,52280,-0.4301
20644,52300,-0.1771
20650,52320,-0.4688
20658,52340,-0.7832
20665,52360,-0.5304
20672,52380,-0.408
20679,52400,-0.3879
20684,52420,-0.0273
20691,52440,-0.4879
20694,52460,2.0314
20705,52480,-0.765
20714,52500,-0.6423
20719,52520,-0.148
20725,52540,-0.5268
20734,52560,-0.4914
20740,52580,-0.159
20746,52600,-0.1504
20751,52620,-0.5909
20758,52640,-0.4732
20766,52660,-0.2546
20769,52680,0.7306
20774,52700,0.4959
20781,52720,-0.4978
20787,52740,-0.704
20797,52760,-0.2891
20803,52780,-0.2706
20808,52800,-0.0277
20816,52820,-0.5978
20820,52840,-0.1659
20827,52860,-0.6035
20831,52880,1.1357
20840,52900,-0.3663
20849,52920,-0.7826
20852,52940,2.141
20856,52960,0.2823
20859,52980,1.4122
20866,53000,0.1242
20873,53020,-0.566
20882,53040,-0.6097
20886,53060,0.2936
20890,53080,0.1511
20900,53100,-0.5598
20906,53120,-0.6717
20912,53140,0.1292
20920,53160,-0.6588
20927,53180,-0.3681
20931,53200,-0.1511
20935,53220,0.1348
20942,53240,-0.1827
20947,53260,0.356
20954,53280,-0.3383
20961,53300,-0.4977
20970,53320,-0.6013
20979,53340,-0.6236
20986,53360,-0.4339
20996,53380,-0.6011
21002,53400,-0.3068
21008,53420,-0.3818
21014,53440,-0.1279
21017,53460,1.1594
21024,53480,-0.2839
21031,53500,-0.04
21038,53520,-0.5459
21044,53540,-0.2955
21051,53560,-0.7187
21056,53580,-0.5584
21062,53600,-0.0354
21067,53620,-0.3778
21074,53640,0.1296
21081,53660,-0.6728
21088,53680,-0.4215
21096,53700,-0.6254
21100,53720,-0.0454
21110,53740,-0.5979
21116,53760,-0.5332
21124,53780,-0.3055
21129,53800,0.1589
21139,53820,-0.6123
21147,53840,-0.514
21155,53860,-0.5983
21159,53880,0.167
21167,53900,-0.3528
21178,53920,-0.7701
21186,53940,-0.493
21191,53960,0.1845
21198,53980,-0.3298
21205,54000,-0.3925
21212,54020,-0.3534
21219,54040,-0.2578
21225,54060,-0.6505
21234,54080,-0.323
21245,54100,-0.7207
21255,54120,-0.564
21261,54140,-0.389
21270,54160,-0.6752
21277,54180,-0.4912
21284,54200,-0.2964
21291,54220,-0.2936
21296,54240,-0.2073
21305,54260,-0.5383
21310,54280,-0.6489
21316,54300,0.2004
21323,54320,-0.4282
21332,54340,-0.7184
21340,54360,-0.6836
21350,54380,-0.6416
21355,54400,0.4131
21361,54420,-0.4284
21367,54440,0.1456
21376,54460,-0.5152
21381,54480,0.6622
21391,54500,-0.6538
21398,54520,-0.5943
21403,54540,0.2062
21412,54560,-0.7965
21419,54580,-0.5293
21427,54600,-0.409
21433,54620,-0.4597
21441,54640,-0.2268
21449,54660,-0.6831
21457,54680,-0.467
21461,54700,0.6206
21467,54720,-0.3156
21475,54740,-0.6392
21482,54760,-0.5024
21490,54780,-0.4654
21497,54800,-0.0184
21505,54820,-0.6223
21511,54840,0.0536
21516,54860,0.4496
21521,54880,0.015
21530,54900,-0.6459
21535,54920,-0.6615
21539,54940,0.3884
21548,54960,-0.7421
21552,54980,0.7431
21559,55000,-0.5151
21568,55020,-0.5944
21574,55040,-0.0948
21578,55060,0.4186
21586,55080,-0.4641
21588,55100,0.1142
21595,55120,-0.0607
21605,55140,-0.4291
21608,55160,1.0954
21615,55180,-0.6073
21621,55200,-0.4378
21628,55220,-0.3157
21632,55240,0.6136
21634,55260,0.1345
21639,55280,0.046
21645,55300,-0.1588
21649,55320,0.7872
21656,55340,-0.0639
21662,55360,-0.3247
21670,55380,-0.6813
21676,55400,-0.2007
21684,55420,-0.6932
21692,55440,-0.6131
21698,55460,-0.5284
21703,55480,-0.1231
21708,55500,0.7217
21712,55520,0.2599
21716,55540,-0.174
21721,55560,-0.7507
21727,55580,0.1858
21733,55600,-0.5114
21740,55620,-0.3055
21746,55640,-0.3105
21751,55660,-0.1821
21756,55680,0.0672
21762,55700,-0.1169
21769,55720,-0.3841
21774,55740,-0.4403
21782,55760,-0.1525
21795,55780,-0.6802
21799,55800,0.2888
21805,55820,-0.2476
21814,55840,-0.3374
21820,55860,-0.008
21825,55880,-0.3511
21829,55900,0.1761
21836,55920,-0.3543
21841,55940,-0.0326
21850,55960,-0.5133
21857,55980,0.0937
21860,56000,0.8075
21867,56020,-0.1549
21874,56040,-0.5545
21879,56060,-0.085
21890,56080,-0.5723
21897,56100,-0.3382
21903,56120,0.1978
21907,56140,0.1936
21913,56160,-0.2071
21918,56180,-0.3356
21928,56200,-0.7326
21937,56220,-0.5987
21944,56240,-0.5867
21950,56260,-0.2202
21956,56280,0.4339
21963,56300,-0.699
21972,56320,-0.7346
21981,56340,-0.6025
21986,56360,0.2431
21992,56380,-0.6099
22001,56400,-0.3985
22014,56420,-0.8858
22018,56440,0.1292
22029,56460,-0.6538
22039,56480,-0.5461
22047,56500,-0.4893
22054,56520,-0.4728
22063,56540,-0.478
22068,56560,-0.2457
22073,56580,-0.0369
22080,56600,-0.4392
22086,56620,0.0527
22091,56640,0.1547
22101,56660,-0.6485
22107,56680,-0.3275
22112,56700,-0.0735
22115,56720,-0.0761
22120,56740,-0.0108
22125,56760,0.0419
22129,56780,-0.0931
22134,56800,-0.0966
22140,56820,-0.1042
22144,56840,0.6471
22150,56860,0.0871
22157,56880,-0.7108
22162,56900,0.6107
22168,56920,-0.161
22173,56940,0.1888
22177,56960,0.2896
22184,56980,-0.0989
22190,57000,-0.3707
22197,57020,-0.2098
22205,57040,-0.5877
22215,57060,-0.5862
22225,57080,-0.7192
22232,57100,-0.3716
22238,57120,-0.3952
22248,57140,-0.4792
22256,57160,-0.4843
22263,57180,-0.5146
22269,57200,-0.4108
22276,57220,-0.2335
22282,57240,-0.3391
22291,57260,-0.6939
22296,57280,-0.4274
22303,57300,-0.2121
22309,57320,-0.1863
22315,57340,0.0033
22321,57360,-0.3276
22332,57380,-0.6733
22338,57400,-0.0385
22347,57420,-0.5753
22353,57440,-0.3548
22365,57460,-0.7965
22371,57480,-0.1057
22376,57500,0.1941
22385,57520,-0.4677
22393,57540,-0.7714
22403,57560,-0.8073
22410,57580,-0.3051
22419,57600,-0.5257
22423,57620,0.0654
22428,57640,-0.0071
22431,57660,0.5021
22440,57680,-0.3963
